model,horizon,split,n_rows,n_evaluated,n_missing_y,n_missing_pred,evaluated_pct,mae,rmse,mean_error,median_abs_error
baseline_seasonal_naive,1,calibration,8607,8474,0,133,98.45474613686534,16.18338447014397,21.20156254678652,-0.021713476516403117,13.0
baseline_seasonal_naive,4,calibration,8607,8474,0,133,98.45474613686534,16.18338447014397,21.20156254678652,-0.021713476516403117,13.0
baseline_seasonal_naive,12,calibration,8607,8474,0,133,98.45474613686534,16.18338447014397,21.20156254678652,-0.021713476516403117,13.0
baseline_seasonal_naive,24,calibration,8607,8474,0,133,98.45474613686534,16.18338447014397,21.20156254678652,-0.021713476516403117,13.0
baseline_seasonal_naive,1,validation,8437,8265,0,172,97.96136067322509,16.664004839685422,21.84784318104746,-0.0648517846339988,13.0
baseline_seasonal_naive,4,validation,8437,8265,0,172,97.96136067322509,16.664004839685422,21.84784318104746,-0.0648517846339988,13.0
baseline_seasonal_naive,12,validation,8437,8265,0,172,97.96136067322509,16.664004839685422,21.84784318104746,-0.0648517846339988,13.0
baseline_seasonal_naive,24,validation,8437,8265,0,172,97.96136067322509,16.664004839685422,21.84784318104746,-0.0648517846339988,13.0
