series,adf_statistic,adf_pvalue,kpss_statistic,kpss_pvalue
original,-12.668400261679173,1.2600394546304872e-23,1.1521353140665171,0.01
diff_1h,-39.545758949169155,0.0,0.01797588529565168,0.1
diff_24h,-35.72707381038164,0.0,0.00981317191229568,0.1
diff_1h_24h,-49.522046182075265,0.0,0.004761829790834701,0.1
