,,,,coverage,coverage,coverage,coverage,mean_interval_score,mean_interval_score,mean_interval_score,mean_interval_score,mean_width,mean_width,mean_width,mean_width
horizon,,,,1,4,12,24,1,4,12,24,1,4,12,24
model,model_display,block_config_id,n_blocks,,,,,,,,,,,,
baseline_seasonal_naive,Modelo base ingenuo estacional,annual_approx,4,0.8982456140350877,0.8982456140350877,0.8982456140350877,0.8983666061705989,95.1080459770115,95.12462189957652,95.11639443436177,95.11010284331519,71.82431941923775,71.82395644283122,71.82298850574712,71.821536600121
catboost,CatBoost,annual_approx,4,0.8986606613725258,,0.8994903401683063,0.897712457034491,39.20345816870953,,69.65999782554275,71.11836078047332,27.406616920596118,,54.80072718741659,55.746387353930636
catboost,CatBoost,quarterly_approx,16,,0.8967642526964561,,,,61.444742850823786,,,,47.34989085484581,,
lightgbm,LightGBM,annual_approx,4,,,0.899727391252815,,,,69.9724962879376,,,,54.87731976135993,
lightgbm,LightGBM,quarterly_approx,16,0.897712457034491,0.8954604717316582,,0.9005570700485954,39.29013432944528,62.03922987454059,,71.48747274473739,27.40737444006837,47.912215527087724,,56.24576880410409
linear_regression,Regresión lineal,annual_approx,4,0.8988977124570345,0.8959345739006755,,,41.286866027402745,66.39830940799023,,,28.724287087432447,52.24788966976101,,
linear_regression,Regresión lineal,quarterly_approx,16,,,0.8953419461894038,0.8959345739006755,,,72.84244662431375,73.65288703707446,,,57.126341856713054,57.37038559858706
