,,coverage,coverage,coverage,coverage,mean_interval_score,mean_interval_score,mean_interval_score,mean_interval_score,mean_width,mean_width,mean_width,mean_width
horizon,,1,4,12,24,1,4,12,24,1,4,12,24
model,model_display,,,,,,,,,,,,
baseline_seasonal_naive,Modelo base ingenuo estacional,0.7950393224440412,0.79491833030853,0.79491833030853,0.79491833030853,79.21911675741077,79.22843315184512,79.23968542044767,79.24065335753176,53.26993345432547,53.26957047791893,53.268723532970355,53.26727162734422
catboost,CatBoost,0.7967286950337797,0.7904468412942989,0.7976768993718146,0.794121133104184,31.17078918839432,51.451338456729715,58.706565178824675,60.35856580459208,19.490954070591258,35.855244960338545,42.1385554552206,43.408843639717844
lightgbm,LightGBM,0.7968472205760342,0.7909209434633163,0.797439848287306,0.7973213227450515,31.236425461932313,52.04790936020579,58.92349115179469,60.314026851034654,19.45034439411329,36.383789456681626,42.446912487914496,43.784042330216174
linear_regression,Regresión lineal,0.7931729287661491,0.7937655564774209,0.7970842716605429,0.7928173521393861,32.856141262451146,56.36504471351893,61.776587229726054,62.54744436043983,20.59914727362647,40.25813821409374,44.65544673696033,45.207458730695706
