,n_samples,n_samples,n_samples,n_samples,empirical_coverage,empirical_coverage,empirical_coverage,empirical_coverage,mean_width,mean_width,mean_width,mean_width,mean_interval_score,mean_interval_score,mean_interval_score,mean_interval_score,rank_interval_score,rank_interval_score,rank_interval_score,rank_interval_score
label,CatBoost + CQR,LightGBM + CQR,Modelo base + SC,Regresión lineal + CQR,CatBoost + CQR,LightGBM + CQR,Modelo base + SC,Regresión lineal + CQR,CatBoost + CQR,LightGBM + CQR,Modelo base + SC,Regresión lineal + CQR,CatBoost + CQR,LightGBM + CQR,Modelo base + SC,Regresión lineal + CQR,CatBoost + CQR,LightGBM + CQR,Modelo base + SC,Regresión lineal + CQR
horizon,,,,,,,,,,,,,,,,,,,,
1,8265,8265,8265,8265,0.8016938898971567,0.7986690865093768,0.7996370235934664,0.8030248033877798,19.75918528445641,19.686817398091893,54.0,21.546905640826004,29.74014381906219,29.96059967094688,79.19540229885058,32.48164840048542,1,2,4,3
4,8265,8265,8265,8265,0.7898366606170599,0.7945553539019964,0.7996370235934664,0.7973381730187538,35.90222955022643,37.051857629978784,54.0,40.98559931502227,49.88577317776861,50.825581634108666,79.19540229885058,55.085028838062165,1,2,4,3
12,8265,8265,8265,8265,0.7958862673926195,0.7922565033272837,0.7996370235934664,0.7893526920750151,42.20673945803715,42.94378301613323,54.0,45.033952122836325,57.559336952247286,58.315127353480705,79.19540229885058,60.487197602604375,1,2,4,3
24,8265,8265,8265,8265,0.779189352692075,0.7830611010284332,0.7996370235934664,0.78681185722928,43.0097291339108,43.746713100141946,54.0,45.915811189892366,59.23702994999188,59.97123871615212,79.19540229885058,61.79438766875681,1,2,4,3
