,n_samples,n_samples,n_samples,n_samples,empirical_coverage,empirical_coverage,empirical_coverage,empirical_coverage,mean_width,mean_width,mean_width,mean_width,mean_interval_score,mean_interval_score,mean_interval_score,mean_interval_score,rank_interval_score,rank_interval_score,rank_interval_score,rank_interval_score
label,Baseline + split conformal,CatBoost + CQR,LightGBM + CQR,Regresión lineal + CQR,Baseline + split conformal,CatBoost + CQR,LightGBM + CQR,Regresión lineal + CQR,Baseline + split conformal,CatBoost + CQR,LightGBM + CQR,Regresión lineal + CQR,Baseline + split conformal,CatBoost + CQR,LightGBM + CQR,Regresión lineal + CQR,Baseline + split conformal,CatBoost + CQR,LightGBM + CQR,Regresión lineal + CQR
horizon,,,,,,,,,,,,,,,,,,,,
1,8265,8265,8265,8265,0.7996370235934664,0.8016938898971567,0.7986690865093768,0.8030248033877798,54.0,19.75918528445641,19.686817398091893,21.546905640826004,79.19540229885058,29.74014381906219,29.96059967094688,32.48164840048542,4,1,2,3
4,8265,8265,8265,8265,0.7996370235934664,0.7898366606170599,0.7945553539019964,0.7973381730187538,54.0,35.90222955022643,37.051857629978784,40.98559931502227,79.19540229885058,49.88577317776861,50.825581634108666,55.085028838062165,4,1,2,3
12,8265,8265,8265,8265,0.7996370235934664,0.7958862673926195,0.7922565033272837,0.7893526920750151,54.0,42.20673945803715,42.94378301613323,45.033952122836325,79.19540229885058,57.559336952247286,58.315127353480705,60.487197602604375,4,1,2,3
24,8265,8265,8265,8265,0.7996370235934664,0.779189352692075,0.7830611010284332,0.78681185722928,54.0,43.0097291339108,43.746713100141946,45.915811189892366,79.19540229885058,59.23702994999188,59.97123871615212,61.79438766875681,4,1,2,3
