horizon,n_common_predictions,mean_abs_diff,median_abs_diff,max_abs_diff,corr_predictions,exactly_equal_predictions
1,8437,0.904931914651389,0.7125554350808869,19.044900350227735,0.9986351350046266,False
4,8437,1.7308952448937773,1.373328648739765,18.797886254360513,0.9935098823115238,False
12,8437,1.9945418520537332,1.5979709015496937,12.858655683966816,0.9903973651119761,False
24,8437,2.172979451118371,1.7184288374855399,14.551657501899225,0.9881221464589895,False
