horizon,CatBoost,LightGBM,Modelo base ingenuo estacional,Regresión lineal
1,6.2788618574810116,6.285603481019423,16.664004839685422,6.6400143848992625
4,11.576449872842263,11.617748405077338,16.664004839685422,12.647992590896779
12,13.601338794592245,13.654429812690717,16.664004839685422,14.128085938722803
24,13.989617308708503,14.055693066723313,16.664004839685422,14.513337431947875
