horizon,CatBoost,LightGBM,Modelo base ingenuo estacional,Regresión lineal
1,8.599574688933261,8.622493383255886,21.84784318104746,9.068672254291792
4,14.690999955822496,14.787079332771736,21.84784318104746,15.983836085273882
12,17.022168463165343,17.092386607048276,21.84784318104746,17.67185215022478
24,17.463910874661195,17.607840842641604,21.84784318104746,18.055546453983755
